impl,kernel,B,T,D,N,mean_ms,median_ms,p95_ms,std_ms,min_ms,max_ms
B1_naive,depth_attention_naive,1,1,512,4,0.47356244060210884,0.43547899986151606,0.7587500149384141,0.10805144583636964,0.3578329924494028,0.8022500260267407
B3_two_phase,phase1_interblock,1,1,512,4,0.42919826810248196,0.4135415074415505,0.4877079918514937,0.2201886713125869,0.28974999440833926,2.523000002838671
B1_naive,depth_attention_naive,1,1,512,8,0.2843841412686743,0.279791493085213,0.32883399398997426,0.02141654462041696,0.23700000019744039,0.36495900712907314
B3_two_phase,phase1_interblock,1,1,512,8,0.23922996973851696,0.22208300651982427,0.2780419890768826,0.0921405354547555,0.19687498570419848,1.1059160169679672
B1_naive,depth_attention_naive,1,1,512,16,0.2189248989452608,0.2022909902734682,0.24720802321098745,0.07246812578817738,0.1789579982869327,0.721415999578312
B3_two_phase,phase1_interblock,1,1,512,16,0.2115582613623701,0.20233351096976548,0.22920800256542861,0.06261655947643849,0.1803330087568611,0.7959999784361571
B3_two_phase,phase2_ref,1,1,512,,0.3247099427971989,0.29374951554927975,0.65441700280644,0.14816832639187524,0.18008300685323775,0.7781250169500709
B4_fused,phase2_fused,1,1,512,,0.1953424178645946,0.19387499196454883,0.21816699882037938,0.016864673566320976,0.16904197400435805,0.23895801859907806
B1_naive,depth_attention_naive,1,1,1024,4,0.19913795113097876,0.19670800247695297,0.22250000620260835,0.013723222296492506,0.17679200391285121,0.22904100478626788
B3_two_phase,phase1_interblock,1,1,1024,4,0.19732795044546947,0.19514599989634007,0.2207910001743585,0.012498196919917338,0.17687500803731382,0.2629169903229922
B1_naive,depth_attention_naive,1,1,1024,8,0.20061916031409055,0.19725000311154872,0.225499999942258,0.015423148384484464,0.1663750153966248,0.23329199757426977
B3_two_phase,phase1_interblock,1,1,1024,8,0.20270744222216308,0.1999165106099099,0.2304170047864318,0.014862160713084637,0.17679101438261569,0.2541670110076666
B1_naive,depth_attention_naive,1,1,1024,16,0.2122624809271656,0.21570849639829248,0.23320797481574118,0.014183113103291088,0.18133301637135446,0.23966599837876856
B3_two_phase,phase1_interblock,1,1,1024,16,0.20304619130911306,0.20043749827891588,0.22849999368190765,0.013699933240060715,0.18049997743219137,0.25924999499693513
B3_two_phase,phase2_ref,1,1,1024,,0.19208908110158518,0.18483350868336856,0.22441701730713248,0.01570875800390062,0.17216699779964983,0.23270898964256048
B4_fused,phase2_fused,1,1,1024,,0.20169457042356953,0.20016600319650024,0.2223330084234476,0.052781908408481466,0.16599998343735933,0.6855000101495534
B1_naive,depth_attention_naive,1,1,2048,4,0.20060918002855033,0.20004151156172156,0.2239159948658198,0.013833355209681432,0.17783298972062767,0.22741701104678214
B3_two_phase,phase1_interblock,1,1,2048,4,0.19936911790864542,0.19881248590536416,0.22258301032707095,0.012519294895123361,0.1773750118445605,0.24416600354015827
B1_naive,depth_attention_naive,1,1,2048,8,0.2083132995176129,0.2124579914379865,0.22499999613501132,0.014876019618436818,0.17508401651866734,0.2776669862214476
B3_two_phase,phase1_interblock,1,1,2048,8,0.20481546031078324,0.20168749324511737,0.23224999313242733,0.014129809196849318,0.18129200907424092,0.25637500220909715
B1_naive,depth_attention_naive,1,1,2048,16,0.2036778800538741,0.20102100097574294,0.22729201009497046,0.014134086109830905,0.1763329782988876,0.2589579962659627
B3_two_phase,phase1_interblock,1,1,2048,16,0.22104990959633142,0.2091870119329542,0.24945801123976707,0.06370011234452318,0.18491700757294893,0.7978329958859831
B3_two_phase,phase2_ref,1,1,2048,,0.19406447041546926,0.1922295050462708,0.2209999947808683,0.015362928012496604,0.17237497377209365,0.23750000400468707
B4_fused,phase2_fused,1,1,2048,,0.19572703167796135,0.18329100566916168,0.22120799985714257,0.051152373692171856,0.16525000683031976,0.6660830113105476
B1_naive,depth_attention_naive,1,16,512,4,0.20063909731106833,0.19860398606397212,0.2227919758297503,0.01129071320807615,0.1767499779816717,0.23575001978315413
B3_two_phase,phase1_interblock,1,16,512,4,0.22236035962123424,0.21758300135843456,0.234166975133121,0.06236233389803635,0.1897500187624246,0.8278749883174896
B1_naive,depth_attention_naive,1,16,512,8,0.32309076079400256,0.2096459938911721,0.5164580070413649,0.37805443651434417,0.15287499991245568,3.2792910060379654
B3_two_phase,phase1_interblock,1,16,512,8,0.23257453023688868,0.23366650566458702,0.24891700013540685,0.01031718496459522,0.20766700617969036,0.2534580125939101
B1_naive,depth_attention_naive,1,16,512,16,0.22537290933541954,0.21089549409225583,0.2628750225994736,0.07453712890923778,0.19137500203214586,0.9085839847102761
B3_two_phase,phase1_interblock,1,16,512,16,0.26025831000879407,0.258625004789792,0.2768330159597099,0.014327831062504345,0.2299170009791851,0.33412501215934753
B3_two_phase,phase2_ref,1,16,512,,0.1962992100743577,0.19741649157367647,0.21275001927278936,0.010766953624324825,0.17766599194146693,0.2302089997101575
B4_fused,phase2_fused,1,16,512,,0.27826536097563803,0.22995800827629864,0.3795000084210187,0.09597998687064029,0.16537500778213143,0.6800830014981329
B1_naive,depth_attention_naive,1,16,1024,4,0.2036575396778062,0.20045851124450564,0.22774998797103763,0.01185382387899562,0.17954199574887753,0.2359580248594284
B3_two_phase,phase1_interblock,1,16,1024,4,0.24265491898404434,0.23279149900190532,0.25949999690055847,0.07105529774196154,0.208500016015023,0.884625012986362
B1_naive,depth_attention_naive,1,16,1024,8,0.21170706051634625,0.20883299293927848,0.23508400772698224,0.011495232037902411,0.19304201123304665,0.24862500140443444
B3_two_phase,phase1_interblock,1,16,1024,8,0.27396253019105643,0.2603124885354191,0.2918330137617886,0.09160348552227598,0.2367919951211661,1.1217090068385005
B1_naive,depth_attention_naive,1,16,1024,16,0.23318171966820955,0.22847949003335088,0.2621669846121222,0.015920613425920303,0.2091249916702509,0.28120799106545746
B3_two_phase,phase1_interblock,1,16,1024,16,0.31337035121396184,0.30354197951965034,0.3462089807726443,0.06466264831552505,0.27520800358615816,0.9158749890048057
B3_two_phase,phase2_ref,1,16,1024,,0.19680748984683305,0.19766701734624803,0.21791699691675603,0.012874983661828538,0.17654200200922787,0.2608340000733733
B4_fused,phase2_fused,1,16,1024,,0.19480535993352532,0.18350000027567148,0.22287500905804336,0.05303925977883107,0.16925000818446279,0.6914580008015037
B1_naive,depth_attention_naive,1,16,2048,4,0.21515332075068727,0.21077101700939238,0.24620798649266362,0.014244565001937715,0.1917080080602318,0.2505419834051281
B3_two_phase,phase1_interblock,1,16,2048,4,0.26580786099657416,0.25556248147040606,0.2869170275516808,0.05643382338568125,0.21399999968707561,0.7873750000726432
B1_naive,depth_attention_naive,1,16,2048,8,0.2329816995188594,0.22825000633019954,0.26704100309871137,0.016616432237127023,0.20887498976662755,0.29024999821558595
B3_two_phase,phase1_interblock,1,16,2048,8,0.32614537136396393,0.3091455000685528,0.3462500171735883,0.11452274582840939,0.291750009637326,1.4330829726532102
B1_naive,depth_attention_naive,1,16,2048,16,0.2634499195846729,0.25810449733398855,0.2993749803863466,0.017874631467810414,0.24024999584071338,0.31508298707194626
B3_two_phase,phase1_interblock,1,16,2048,16,0.43159919063327834,0.4180619871476665,0.46999999904073775,0.07539675542483884,0.3885839832946658,1.1218330182600766
B3_two_phase,phase2_ref,1,16,2048,,0.20277330128010362,0.20308350212872028,0.22045799414627254,0.01116525858720382,0.18191698472946882,0.2490839979145676
B4_fused,phase2_fused,1,16,2048,,0.18968322867294773,0.18412500503472984,0.2181659801863134,0.015827789398434603,0.16850000247359276,0.22737501421943307
B1_naive,depth_attention_naive,1,128,512,4,0.23268080956768245,0.22885399812366813,0.25883401394821703,0.016042747147841777,0.2049999893642962,0.26416598120704293
B3_two_phase,phase1_interblock,1,128,512,4,0.3124591911910102,0.3037709975615144,0.33995899138972163,0.06262732603564147,0.27158300508745015,0.903083011507988
B1_naive,depth_attention_naive,1,128,512,8,0.2625471193459816,0.2549585042288527,0.2980410063173622,0.01833300880643375,0.24041699361987412,0.3302919794805348
B3_two_phase,phase1_interblock,1,128,512,8,0.43720706977183,0.42654199933167547,0.48058299580588937,0.05063897538892438,0.39812500472180545,0.875166995683685
B1_naive,depth_attention_naive,1,128,512,16,0.32235580176347867,0.31579198548570275,0.35183399450033903,0.02703259290641563,0.27483300073072314,0.5257909942883998
B3_two_phase,phase1_interblock,1,128,512,16,0.7103891775477678,0.702000004821457,0.7699170091655105,0.06935168763505951,0.6156250019557774,1.276666997000575
B3_two_phase,phase2_ref,1,128,512,,0.20454877929296345,0.20133350335527211,0.2296250022482127,0.011846244879260783,0.18545801867730916,0.23966599837876856
B4_fused,phase2_fused,1,128,512,,0.20422372064786032,0.19529148994479328,0.22524999803863466,0.061093463677546374,0.17183300224132836,0.791291007772088
B1_naive,depth_attention_naive,1,128,1024,4,0.2547873809817247,0.25239599926862866,0.28587502310983837,0.016216456258273892,0.23087498266249895,0.30258300830610096
B3_two_phase,phase1_interblock,1,128,1024,4,0.42775163892656565,0.41733299440238625,0.45900000259280205,0.06796828410246482,0.3940419992431998,1.0661249980330467
B1_naive,depth_attention_naive,1,128,1024,8,0.3106482687871903,0.30693750886712223,0.3440830041654408,0.01612963400831465,0.2874160127248615,0.3747910086531192
B3_two_phase,phase1_interblock,1,128,1024,8,0.7207359894528054,0.7183544948929921,0.7609579770360142,0.07720394524465529,0.6324580172076821,1.4128749899100512
B1_naive,depth_attention_naive,1,128,1024,16,0.4411000187974423,0.4287290066713467,0.4912499862257391,0.02867520243614967,0.4102909879293293,0.5524589796550572
B3_two_phase,phase1_interblock,1,128,1024,16,1.1907546897418797,1.173520999145694,1.232040987815708,0.07984002664516966,1.112666999688372,1.920209004310891
B3_two_phase,phase2_ref,1,128,1024,,0.2447990604559891,0.24583299818914384,0.26120900292880833,0.014851790146669602,0.2133329981006682,0.3206669935025275
B4_fused,phase2_fused,1,128,1024,,0.20886491081910208,0.1985415001399815,0.22929199622012675,0.06752795046562406,0.1777909928932786,0.8604169997852296
B1_naive,depth_attention_naive,1,128,2048,4,0.31828374980250373,0.3103540075244382,0.3530420071911067,0.03627391092323102,0.2845419803634286,0.6196250033099204
B3_two_phase,phase1_interblock,1,128,2048,4,0.7475067293853499,0.7220834959298372,0.8099580009002239,0.14248851509161467,0.6326250149868429,2.09054202423431
B1_naive,depth_attention_naive,1,128,2048,8,0.4367249394999817,0.4313749959692359,0.46970800030976534,0.018667075712480812,0.4140830133110285,0.5362919764593244
B3_two_phase,phase1_interblock,1,128,2048,8,1.1981534596998245,1.1786874965764582,1.2527079961728305,0.09149725228666782,1.1392919986974448,1.979209017008543
B1_naive,depth_attention_naive,1,128,2048,16,0.9420242597116157,0.9329379972768947,1.0514579771552235,0.06832704699059379,0.8686250075697899,1.3873749994672835
B3_two_phase,phase1_interblock,1,128,2048,16,2.087290119379759,2.064333501039073,2.172915992559865,0.09422504679876928,2.0233749819453806,2.8996669861953706
B3_two_phase,phase2_ref,1,128,2048,,0.2589746908051893,0.2565415052231401,0.28737500542774796,0.013442116096645407,0.2316670143045485,0.3026670019607991
B4_fused,phase2_fused,1,128,2048,,0.21126867068232968,0.20662551105488092,0.23629199131391943,0.013753870935247495,0.1917910121846944,0.2574580139480531
B1_naive,depth_attention_naive,1,512,512,4,0.30208625859813765,0.2988119813380763,0.3293750050943345,0.025847103804423836,0.27829097234643996,0.5233339907135814
B3_two_phase,phase1_interblock,1,512,512,4,0.7427562691736966,0.71272901550401,0.8003750117495656,0.1405504912983903,0.6448749918490648,1.947291981196031
B1_naive,depth_attention_naive,1,512,512,8,0.4569195385556668,0.437791517470032,0.516875006724149,0.07004467113196915,0.41737500578165054,0.9572079870849848
B3_two_phase,phase1_interblock,1,512,512,8,1.2088201000005938,1.1876460048370063,1.2559590104501694,0.10044192257922546,1.0961250227410346,2.0625420147553086
B1_naive,depth_attention_naive,1,512,512,16,0.9177820896729827,0.9077084832824767,0.9722920076455921,0.05452558577777539,0.8359169878531247,1.293333014473319
B3_two_phase,phase1_interblock,1,512,512,16,2.072985839913599,2.059062506305054,2.1227919787634164,0.06673175365869773,2.0465409907046705,2.7061250002589077
B3_two_phase,phase2_ref,1,512,512,,0.2603567301412113,0.25739600823726505,0.292125012492761,0.016018833707540144,0.2289589901920408,0.31291699269786477
B4_fused,phase2_fused,1,512,512,,0.21612415846902877,0.20462548127397895,0.2500409900676459,0.05920451376096839,0.18937498680315912,0.7820840110071003
B1_naive,depth_attention_naive,1,512,1024,4,0.443681699980516,0.4335629928391427,0.4952089802827686,0.025057184764265748,0.41979202069342136,0.5419579974841326
B3_two_phase,phase1_interblock,1,512,1024,4,1.196031701110769,1.17385400517378,1.2319170054979622,0.14049123477205314,1.101000001654029,2.551957994000986
B1_naive,depth_attention_naive,1,512,1024,8,0.9331637891591527,0.9183750080410391,0.9744589915499091,0.08916453192930728,0.8381660154554993,1.704041991615668
B3_two_phase,phase1_interblock,1,512,1024,8,2.085704679484479,2.0745629881275818,2.121291996445507,0.0657388593369202,2.0590840140357614,2.7202909986954182
B1_naive,depth_attention_naive,1,512,1024,16,1.7870304602547549,1.7695415153866634,1.830708992201835,0.08906513200670488,1.7274999991059303,2.6255419943481684
B3_two_phase,phase1_interblock,1,512,1024,16,3.9352995908120647,3.9288334955926985,3.9762080123182386,0.02190253769943579,3.894042019965127,4.00641601299867
B3_two_phase,phase2_ref,1,512,1024,,0.2890745725017041,0.28904201462864876,0.30608399538323283,0.012942469353781627,0.26020800578407943,0.3624170203693211
B4_fused,phase2_fused,1,512,1024,,0.24140872090356424,0.2409169974271208,0.2691249828785658,0.02236530590100109,0.18900001305155456,0.33108299248851836
B1_naive,depth_attention_naive,1,512,2048,4,0.9336725901812315,0.9216249891323969,0.9930829983204603,0.07114938534147139,0.8379589999094605,1.5210000274237245
B3_two_phase,phase1_interblock,1,512,2048,4,2.0895766795729287,2.0756875164806843,2.1244160016067326,0.09398778975758115,2.0593329973053187,3.013000008650124
B1_naive,depth_attention_naive,1,512,2048,8,1.8015063399798237,1.7835415055742487,1.8769169982988387,0.10522153416168453,1.708041992969811,2.678167016711086
B3_two_phase,phase1_interblock,1,512,2048,8,3.9955003681825474,3.9757909980835393,4.082541010575369,0.04920651455842905,3.927291982108727,4.112541995709762
B1_naive,depth_attention_naive,1,512,2048,16,3.526054559915792,3.5210420028306544,3.588041989132762,0.03146514015689524,3.464165987679735,3.620584000600502
B3_two_phase,phase1_interblock,1,512,2048,16,8.126490860013291,8.127478999085724,8.19962500827387,0.05129552317288817,7.985042000655085,8.261916984338313
B3_two_phase,phase2_ref,1,512,2048,,0.3837482904782519,0.37543698272202164,0.4066669789608568,0.07048566925667483,0.34941700869239867,1.048958016326651
B4_fused,phase2_fused,1,512,2048,,0.30568699818104506,0.289562507532537,0.36787500721402466,0.09119401663540722,0.2668329980224371,1.1563329899217933
B1_naive,depth_attention_naive,4,1,512,4,0.19709581014467403,0.193291503819637,0.22408401127904654,0.01539949695039834,0.17695798305794597,0.26362499920651317
B3_two_phase,phase1_interblock,4,1,512,4,0.20844989194301888,0.19960349891334772,0.23362500360235572,0.05938145510016897,0.1805420033633709,0.7844170031603426
B1_naive,depth_attention_naive,4,1,512,8,0.2007871211390011,0.19966650870628655,0.22445799550041556,0.012431856524250263,0.17725001089274883,0.23358399630524218
B3_two_phase,phase1_interblock,4,1,512,8,0.21126407955307513,0.20200050494167954,0.2379999787081033,0.05690962363886447,0.181332987267524,0.7585409912280738
B1_naive,depth_attention_naive,4,1,512,16,0.2023849487886764,0.19899998733308166,0.2263750066049397,0.013799413741055342,0.1799589954316616,0.2473339845892042
B3_two_phase,phase1_interblock,4,1,512,16,0.21950002032099292,0.20837501506321132,0.2487500023562461,0.06277386906987856,0.19058299949392676,0.8116250101011246
B3_two_phase,phase2_ref,4,1,512,,0.19503448100294918,0.19127050472889096,0.21925001055933535,0.014490460234862444,0.1738749851938337,0.23933299235068262
B4_fused,phase2_fused,4,1,512,,0.19080204947385937,0.18902048759628087,0.21737499628216028,0.01713507790487315,0.16666698502376676,0.2566250041127205
B1_naive,depth_attention_naive,4,1,1024,4,0.20266164181521162,0.1985835115192458,0.22487499518319964,0.013994755280379495,0.17929199384525418,0.2410409797448665
B3_two_phase,phase1_interblock,4,1,1024,4,0.2114258595975116,0.20249999943189323,0.23724997299723327,0.05914281266414095,0.15145898214541376,0.7724579772911966
B1_naive,depth_attention_naive,4,1,1024,8,0.21091959992190823,0.21516649576369673,0.23512498592026532,0.016305867590627365,0.18120900494977832,0.2595839905552566
B3_two_phase,phase1_interblock,4,1,1024,8,0.22457573941210285,0.21300000662449747,0.2544169838074595,0.0657387233151638,0.190417020348832,0.8312920108437538
B1_naive,depth_attention_naive,4,1,1024,16,0.20545615232549608,0.2025419962592423,0.22933300351724029,0.013520626130396108,0.18287499551661313,0.237083004321903
B3_two_phase,phase1_interblock,4,1,1024,16,0.23294872982660308,0.2194794942624867,0.27000001864507794,0.07883217471120238,0.19699998665601015,0.9847079927567393
B3_two_phase,phase2_ref,4,1,1024,,0.19263407913967967,0.18960401939693838,0.22625000565312803,0.014962260741774615,0.17316598678007722,0.25183300022035837
B4_fused,phase2_fused,4,1,1024,,0.20244659011950716,0.20181250874884427,0.2233749837614596,0.04704626076322952,0.16674998914822936,0.5880000244360417
B1_naive,depth_attention_naive,4,1,2048,4,0.20480830018641427,0.20120848785154521,0.2300830092281103,0.015980175912398743,0.17574999947100878,0.2587079943623394
B3_two_phase,phase1_interblock,4,1,2048,4,0.21315159858204424,0.2098955010296777,0.24300001678057015,0.02452426617523346,0.1915419998113066,0.4083749954588711
B1_naive,depth_attention_naive,4,1,2048,8,0.2111791496281512,0.20127098832745105,0.23541698465123773,0.060321044282746136,0.18000000272877514,0.7936659967526793
B3_two_phase,phase1_interblock,4,1,2048,8,0.22474120021797717,0.2206250064773485,0.2521249989513308,0.015425609326244323,0.20458298968151212,0.2952079812530428
B1_naive,depth_attention_naive,4,1,2048,16,0.21595041966065764,0.21081199520267546,0.24370898609049618,0.013408582557450907,0.19483300275169313,0.25095802266150713
B3_two_phase,phase1_interblock,4,1,2048,16,0.26033531001303345,0.2515204978408292,0.2976660034619272,0.06914630951970767,0.22570800501853228,0.9189159900415689
B3_two_phase,phase2_ref,4,1,2048,,0.19649285153718665,0.19518750195857137,0.21679099882021546,0.012253244735115396,0.176291010575369,0.24049999774433672
B4_fused,phase2_fused,4,1,2048,,0.19397329015191644,0.19197900837752968,0.21645799279212952,0.01587671713176924,0.1625829900149256,0.22650000755675137
B1_naive,depth_attention_naive,4,16,512,4,0.2102707905578427,0.20585449237842113,0.23437500931322575,0.01472694669131371,0.19099999917671084,0.24920800933614373
B3_two_phase,phase1_interblock,4,16,512,4,0.2534574086894281,0.24672898871358484,0.2903339918702841,0.04707067236673043,0.22258301032707095,0.6735000060871243
B1_naive,depth_attention_naive,4,16,512,8,0.22310286934953183,0.21993699192535132,0.25529201957397163,0.017103002604335726,0.19833300029858947,0.2694999857340008
B3_two_phase,phase1_interblock,4,16,512,8,0.29737792850937694,0.2887290029320866,0.31949998810887337,0.06691146007476845,0.24020799901336432,0.9266670094802976
B1_naive,depth_attention_naive,4,16,512,16,0.25337325991131365,0.2500835107639432,0.2921659906860441,0.015128824678033729,0.22950000129640102,0.3088329976890236
B3_two_phase,phase1_interblock,4,16,512,16,0.35877333051757887,0.3522500046528876,0.3901250020135194,0.04694508585290428,0.3280829987488687,0.7940840150695294
B3_two_phase,phase2_ref,4,16,512,,0.1995478881872259,0.19787499331869185,0.22616700152866542,0.011525682457466463,0.18195799202658236,0.2442499971948564
B4_fused,phase2_fused,4,16,512,,0.1989470308762975,0.18993749108631164,0.21979099255986512,0.05558943174907415,0.17008298891596496,0.7302080048248172
B1_naive,depth_attention_naive,4,16,1024,4,0.23193996952613816,0.23812500876374543,0.25783301680348814,0.01794004595881463,0.20554100046865642,0.2962500147987157
B3_two_phase,phase1_interblock,4,16,1024,4,0.2899945096578449,0.27714550378732383,0.319957995088771,0.06719661916238112,0.26029199943877757,0.9213750017806888
B1_naive,depth_attention_naive,4,16,1024,8,0.2590254115057178,0.2532079961383715,0.2900409745052457,0.01776710557475753,0.22800001897849143,0.31945802038535476
B3_two_phase,phase1_interblock,4,16,1024,8,0.3626603278098628,0.35268750798422843,0.39116598782129586,0.06526109694551577,0.32566700247116387,0.9866670006886125
B1_naive,depth_attention_naive,4,16,1024,16,0.3187886910745874,0.31229201704263687,0.3531250113155693,0.028309157667035487,0.26341600460000336,0.49954099813476205
B3_two_phase,phase1_interblock,4,16,1024,16,0.537587889994029,0.5236875003902242,0.5850000015925616,0.05396637782949161,0.5036660004407167,0.9585829975549132
B3_two_phase,phase2_ref,4,16,1024,,0.2073146018665284,0.2043539861915633,0.23004200193099678,0.013418996575697872,0.18779200036078691,0.25283300783485174
B4_fused,phase2_fused,4,16,1024,,0.20158660947345197,0.19466649973765016,0.22449999232776463,0.05177852393155296,0.17283298075199127,0.6911669916007668
B1_naive,depth_attention_naive,4,16,2048,4,0.2528028711094521,0.251374498475343,0.2760839997790754,0.014407926007129626,0.23008298012427986,0.2857089857570827
B3_two_phase,phase1_interblock,4,16,2048,4,0.366834529559128,0.35674998071044683,0.3953340055886656,0.06568530817729566,0.3351669874973595,0.9969169914256781
B1_naive,depth_attention_naive,4,16,2048,8,0.31983243010472506,0.313979500788264,0.3581249911803752,0.02359853824921313,0.28916701558046043,0.45608400250785053
B3_two_phase,phase1_interblock,4,16,2048,8,0.5549320406862535,0.5391250015236437,0.6287080177571625,0.0705456225367695,0.5130000063218176,1.1773339938372374
B1_naive,depth_attention_naive,4,16,2048,16,0.437755370803643,0.42941648280248046,0.4796670109499246,0.023893974708896232,0.41029200656339526,0.5180829903110862
B3_two_phase,phase1_interblock,4,16,2048,16,1.0321729621500708,1.0235414956696332,1.0705830063670874,0.06951478814664809,0.9394170192535967,1.6310829960275441
B3_two_phase,phase2_ref,4,16,2048,,0.24596288887551054,0.24529150687158108,0.2616250130813569,0.013193638068835124,0.21512500825338066,0.3014169924426824
B4_fused,phase2_fused,4,16,2048,,0.2045717285363935,0.20145848975516856,0.22816599812358618,0.015888305843966315,0.18195901066064835,0.26066601276397705
B1_naive,depth_attention_naive,4,128,512,4,0.2953721390804276,0.28812499658670276,0.32724998891353607,0.0336457264048838,0.2705829974729568,0.5990829959046096
B3_two_phase,phase1_interblock,4,128,512,4,0.5516862808144651,0.525937502970919,0.617874989984557,0.10976379568006861,0.47679198905825615,1.233584014698863
B1_naive,depth_attention_naive,4,128,512,8,0.4363787401234731,0.42689549445640296,0.479957991046831,0.027947949990421776,0.39962498703971505,0.6171250133775175
B3_two_phase,phase1_interblock,4,128,512,8,1.012262541335076,0.9893540118355304,1.0611670149955899,0.13154464873283891,0.9039579890668392,2.2671250044368207
B1_naive,depth_attention_naive,4,128,512,16,0.9036629000911489,0.8914579957490787,0.9501660242676735,0.06617917544787659,0.8123329898808151,1.3908340188208967
B3_two_phase,phase1_interblock,4,128,512,16,1.8296361796092242,1.8250830034958199,1.87312500202097,0.0810487176773533,1.7685419879853725,2.5667910231277347
B3_two_phase,phase2_ref,4,128,512,,0.25990337861003354,0.2577915001893416,0.2908329770434648,0.0156306964004314,0.2308750117663294,0.30679101473651826
B4_fused,phase2_fused,4,128,512,,0.2043362392578274,0.19993747991975397,0.23099998361431062,0.013204389912233756,0.1885410165414214,0.25954199372790754
B1_naive,depth_attention_naive,4,128,1024,4,0.448606230202131,0.433999506640248,0.48658301238901913,0.07140364992371442,0.4132920003030449,1.1092500062659383
B3_two_phase,phase1_interblock,4,128,1024,4,1.0298542206874117,1.0132295137736946,1.0717080149333924,0.08138592654385209,0.9493749821558595,1.7455839843023568
B1_naive,depth_attention_naive,4,128,1024,8,0.9266783806378953,0.9036249975906685,1.0011249978560954,0.1445813668409898,0.8226249774452299,2.273291989695281
B3_two_phase,phase1_interblock,4,128,1024,8,1.864440050558187,1.8432289944030344,1.9189580052625388,0.09330110576215973,1.8077080021612346,2.7178339951206
B1_naive,depth_attention_naive,4,128,1024,16,1.7547858884790912,1.745770510751754,1.8018340051639825,0.053424351810638815,1.696791994618252,2.2113749873824418
B3_two_phase,phase1_interblock,4,128,1024,16,3.602673740242608,3.6017289967276156,3.66120898979716,0.036242099002959625,3.531249996740371,3.7296249938663095
B3_two_phase,phase2_ref,4,128,1024,,0.28760909946868196,0.28733350336551666,0.3081670147366822,0.014820643585150268,0.259916007053107,0.32970900065265596
B4_fused,phase2_fused,4,128,1024,,0.23941456893226132,0.23702099861111492,0.2737079921644181,0.023197720249319796,0.18874998204410076,0.3539170138537884
B1_naive,depth_attention_naive,4,128,2048,4,0.925606231612619,0.9132709965342656,0.9705830016173422,0.066287377735399,0.8347500115633011,1.4626249903813004
B3_two_phase,phase1_interblock,4,128,2048,4,1.9059495400870219,1.893020496936515,1.9600829982664436,0.06862536246531262,1.8472920055501163,2.3602499859407544
B1_naive,depth_attention_naive,4,128,2048,8,1.770660441252403,1.7612084920983762,1.8125410133507103,0.08936693333098188,1.680540997767821,2.6037500065285712
B3_two_phase,phase1_interblock,4,128,2048,8,3.804557568510063,3.8083539984654635,3.8992920017335564,0.05548466902128589,3.665417025331408,3.911708015948534
B1_naive,depth_attention_naive,4,128,2048,16,3.44495422905311,3.4437710128258914,3.489750000881031,0.02720080688097031,3.3964579924941063,3.522082988638431
B3_two_phase,phase1_interblock,4,128,2048,16,7.343662579078227,7.341666496358812,7.451957993907854,0.06451332730138888,7.197375001851469,7.558540994068608
B3_two_phase,phase2_ref,4,128,2048,,0.3881468088366091,0.3761455009225756,0.43408299097791314,0.05312335735969164,0.3485000052023679,0.826750008855015
B4_fused,phase2_fused,4,128,2048,,0.3094853615039028,0.2913539938163012,0.34574998426251113,0.09691266605008154,0.2633749973028898,1.2157500023022294
B1_naive,depth_attention_naive,4,512,512,4,0.9158117091283202,0.9014374954858795,0.9552080009598285,0.07295290050437771,0.8245409990195185,1.5634169976692647
B3_two_phase,phase1_interblock,4,512,512,4,1.8928791797952726,1.884750003227964,1.945124997291714,0.08376157865393159,1.839417003793642,2.667124994331971
B1_naive,depth_attention_naive,4,512,512,8,1.7406142500112765,1.7267920047743246,1.8054159882012755,0.08880213540656201,1.646124990656972,2.557874977355823
B3_two_phase,phase1_interblock,4,512,512,8,3.756656601035502,3.752332995645702,3.8564999995287508,0.05578598905038794,3.6205000069458038,3.891666972776875
B1_naive,depth_attention_naive,4,512,512,16,3.420685509336181,3.4150414867326617,3.473541990388185,0.03281039715440728,3.3675000013317913,3.534874995239079
B3_two_phase,phase1_interblock,4,512,512,16,7.318252568948083,7.314041999052279,7.408708013826981,0.056212702002590126,7.222291984362528,7.4559169879648834
B3_two_phase,phase2_ref,4,512,512,,0.38148215011460707,0.371895992429927,0.41041598888114095,0.05582708582471099,0.33758400240913033,0.8673749980516732
B4_fused,phase2_fused,4,512,512,,0.29362664005020633,0.2793120074784383,0.3192919830325991,0.06777691937579194,0.2617920108605176,0.897291989531368
B1_naive,depth_attention_naive,4,512,1024,4,1.7887871505809017,1.7655209958320484,1.8291669839527458,0.1497993916738832,1.7206670017912984,3.247625019866973
B3_two_phase,phase1_interblock,4,512,1024,4,3.825076619395986,3.812062495853752,3.939791989978403,0.06367497835436736,3.714791004313156,4.017667000880465
B1_naive,depth_attention_naive,4,512,1024,8,3.530865069187712,3.5309579980093986,3.572624991647899,0.03108413219947442,3.4564580128062516,3.64137499127537
B3_two_phase,phase1_interblock,4,512,1024,8,7.656348868913483,7.653124994249083,7.759750005789101,0.06624917087448914,7.518208003602922,7.823499996447936
B1_naive,depth_attention_naive,4,512,1024,16,6.879418360185809,6.876604486024007,6.9488750013988465,0.0416414133122151,6.803291995311156,7.014292001258582
B3_two_phase,phase1_interblock,4,512,1024,16,14.72153378155781,14.756708493223414,14.838875009445474,0.10631209957514262,14.45745798991993,15.030959009891376
B3_two_phase,phase2_ref,4,512,1024,,0.7337696486501954,0.7255839882418513,0.8012499893084168,0.06885058120559899,0.6352920026984066,1.2944999907631427
B4_fused,phase2_fused,4,512,1024,,0.4582983799627982,0.43812500371132046,0.4958749923389405,0.08273067015104547,0.41950002196244895,1.2087500072084367
B1_naive,depth_attention_naive,4,512,2048,4,3.52242791937897,3.5200834972783923,3.561958990758285,0.025504893553897064,3.4720419789664447,3.631583007518202
B3_two_phase,phase1_interblock,4,512,2048,4,7.58904215937946,7.587812491692603,7.6688340050168335,0.05553558204693879,7.452875026501715,7.713333994615823
B1_naive,depth_attention_naive,4,512,2048,8,6.955165920371655,6.953937510843389,7.0374999777413905,0.041335627013117736,6.8912910064682364,7.053375011309981
B3_two_phase,phase1_interblock,4,512,2048,8,15.402484679652844,15.388187486678362,15.6717500067316,0.18148183333785708,15.0444159808103,16.343833005521446
B1_naive,depth_attention_naive,4,512,2048,16,13.557483820186462,13.550562493037432,13.647374988067895,0.06264562516068306,13.451374979922548,13.875208009267226
B3_two_phase,phase1_interblock,4,512,2048,16,29.736851358611602,29.736583499470726,29.86245899228379,0.10723545429043384,29.158207995351404,30.012582981726155
B3_two_phase,phase2_ref,4,512,2048,,1.4210113100125454,1.3924380036769435,1.5630839916411787,0.10841425773230376,1.3134159962646663,2.2835410200059414
B4_fused,phase2_fused,4,512,2048,,0.9721459107822739,0.9316249925177544,1.2920419976580888,0.1614890766411608,0.8367089903913438,1.7390410066582263
